0,1,2,3,4,Target
-0.2716551103260533,-0.8345900132293581,-0.5466800845872654,-1.7046444771618914,-0.7994806058488121,0
0.11502607914741717,-1.9712990261138028,-1.8751724696457446,1.8303288949684724,-1.0146261184271628,0
-0.5260348426675804,-1.3537769563311879,0.49201884799279927,-0.02358219809772011,-1.3417974190744282,0
0.501782736167545,-1.20871993770718,0.1600182258527877,-0.6021996374767622,-0.7520507043086825,0
1.2358116200069387,-1.5706009439218647,-1.1165244399486591,-0.7296640917832891,-0.4808299274114448,0
-0.2081168572725397,-2.636316460494212,-0.0332299906444608,2.3611422644993376,-1.1376241853676683,0
-0.6475418056351592,-0.5104156426082147,-0.3583401520212222,-2.375022247291917,-0.6823349693338896,0
1.321304032273012,-1.0842072357359773,-0.649373038321426,-1.900935107458118,0.6620636487419815,0
-0.8911922254152874,-0.8859170844189368,-0.2685306479058323,1.746562950984174,0.25642054819944704,0
-0.0007085945766459172,-0.8982748561587861,-0.31305803052315434,-0.6943692110395143,-1.414580282771936,0
0.513085420097293,-0.004037868591118432,0.9531250453760867,1.1866024141247284,-2.0280184493931666,1
0.28555407485765694,0.25766810672809926,-0.05489400061628639,0.2287425023811981,-0.45122723437688883,0
-0.04347694981386243,-1.168359336089281,-0.22939074406802776,-0.2165407761867394,-1.6241387708884667,0
0.49774308909139425,-0.9511896262499205,0.23007075919140207,-1.199351412720587,-0.7795264005887363,0
-0.4316203127180484,-3.9012766020595313,0.9983108981479604,2.0185776941446614,-3.3290833387776955,0
0.6045153263553668,-1.0885239118923034,-1.2504077339697175,-1.1839522883816331,-0.8029724644724743,0
-0.43548637056984335,-1.0148912080712487,0.7094518171390395,0.542571877181129,-1.7737244518079724,0
0.6012067489291149,-0.8096295136644626,0.0005279588565972928,-1.5366845119655896,-1.2549311405524852,0
0.9262154022415924,-1.1930483249171313,1.42274813609994,-0.5134965106179119,-1.109706829106368,0
0.21329370737293857,0.7338124965272647,-1.8936146669537857,0.2776134868509317,-2.3239606231868706,1
-0.9193845915864234,-0.157310507142164,2.0740826697499735,0.6788103957622414,-0.33808418539291163,0
-0.3135296861723979,3.0112517597085864,0.3674816654743044,1.7985603945086617,0.9154880788783606,1
-1.6065771007386793,-1.0913633475938256,-0.43676423723821745,-1.1983636280417564,-0.59406643013544,0
-0.9539394193966448,-0.8318269246521295,0.014273067836434106,-1.7875980541820073,-0.02564013225884798,0
0.1946074552372427,-2.446472683330409,-0.622649361734452,1.7315550261131423,-1.8541632764847407,0
0.2773769379581917,1.836229860911476,0.05993263026632825,2.9026813749656597,1.0207042802540003,1
1.192507512477975,-1.5017847909343975,0.6802161054504494,0.331318697787538,-0.632202746467172,0
-0.8192578597214978,-0.922412782841561,-1.345870923473215,-2.2046502078710914,0.2006992451306504,0
-0.49163618563204736,0.47812767775547116,0.20965941527462578,1.7106535510163758,-0.5302131764587441,1
0.2658782296520485,-0.6026539130657995,-0.4700421477595015,-2.444036278356565,0.29014964612848226,0
-1.100154232971695,-1.0698271758434057,-0.5583017539460305,-2.040229159604791,0.20998535089605364,0
-2.9213504834946074,-0.33069464953901284,-1.072139011985607,0.6825158743700941,-0.5965476811926957,0
0.06167984984797165,-1.2120247196202758,-1.015821818978397,1.007741410905167,-1.2661541883805896,0
1.775310892609512,-3.2380102151844596,-0.646227309843803,2.836950013417643,-1.2842747243316137,0
-2.219300372747535,1.7131413589641455,0.08589300629333041,0.6196864694147965,0.4484855066819451,1
0.4891871301476635,-2.4847346436465676,0.3506300992735592,1.7022061373471562,-1.8778811753065572,0
-0.36682441181468756,0.0772634603458755,-0.23893209916969432,1.2303708796611275,0.6506295711231012,0
1.7193779062072967,-1.3229513509504776,-0.6058608207588934,1.12420111373687,-2.5346720252842365,0
-0.014452270878279104,-1.353237488973468,-0.47383934707091613,1.1294292806946833,-1.241221942029522,0
0.7600559636896026,-1.9559218100781028,-1.5047203740310022,0.7509272876490088,-2.7273831599737166,0
-1.6431888111541673,-1.2599127579514067,-0.10325476014904739,0.05450862586043703,-2.1838321600012565,0
-0.7449026448064491,0.6649363873419315,-0.16306696394376388,2.4485642757601007,-0.2763081834382265,1
0.31965182591897723,-0.24677335451973248,-1.7785875840065168,-3.260998648224494,0.29275847284762,0
0.7796605322693398,-0.9463483411711986,-0.30803428418574125,1.2749738417476275,-0.48135430542222346,0
-0.060660813814620775,-1.3029132147003342,1.9011906857530074,0.7972045826516638,-1.714534764505251,0
-0.42076179368105326,-0.9165120010214012,0.8868873900973003,-0.9981839570308046,-1.074092208658932,0
-0.8463566549908735,-1.3674245760907948,0.48473281729447476,1.2215834649979156,-1.1782286239064097,0
1.5379319184125528,-1.1241700130285113,0.8187776437548606,-0.5270514869347902,-1.4653385903761162,0
-0.38851845308888583,-0.29592693874557585,-0.018708756445897416,0.6851145491903188,-0.5224571087969057,0
0.23321613126350166,-0.9787682166827792,0.7082144232565571,0.6921559472574585,-1.396856143288649,0
-0.7280029412291344,0.11589751306122276,0.020793707675407894,0.29676368731933733,-0.5319343284725326,0
0.6778753195309076,-1.2885787225715444,-2.703232292999237,1.3815297352356768,-0.83557532885623,0
-1.0196643386921156,-1.4999727122509081,0.5646059258936003,0.8339938201355055,-2.139053963300942,0
-1.067802921579193,-0.22627668275057922,-1.053682419146354,0.7512982359692368,-0.345514263804772,0
0.4209729443893898,-0.5237599525320118,0.6988284202025348,-2.4019781339549238,-0.4701489085160996,0
1.1695899924277735,-0.6692363769607222,1.0473177066214483,-1.9597356934075134,-0.10647989075609754,0
-0.9980606273144129,-1.5110691411527288,1.0519476177229186,-1.008787670822016,-0.46270247074058246,0
3.193107567844861,-0.4898331640873862,-0.18047991359062565,1.750404464651453,0.768261866273223,0
-1.46752526575244,-1.0874660602782675,-1.2391070756539009,-0.9733534148726798,-0.983122644114896,0
-0.6905410523162594,-0.7869693055837058,-0.7837656655863965,-1.3409982928144015,-1.3917486463273971,0
0.34005129456889044,-0.696243226830662,0.7903718960517113,0.14697314574908893,1.930107658958078,1
-0.19382613877280352,0.9572767098739736,0.8294748419317485,0.7182457859376297,-1.2220480329914836,1
-0.18319661872038787,-0.9349829511120327,0.6067230591361827,-0.20230923632481124,-2.73258705062925,0
-0.1758858124323366,-1.8213840776074308,2.1709427174978138,1.489699537712486,-1.3632472765117998,0
1.8998819348952156,1.4664250019876488,0.6725737012027313,-0.795448873150499,-0.3386668309220522,0
-0.8170886310681906,1.1177185551878965,0.0012054753622242368,1.7082323499360077,-0.3742485219490608,1
-1.5947030672667954,-1.0793950023989387,-0.46603650186824225,0.31585376347807914,-2.1710185207628943,0
1.4015985929464294,-1.8012649590676297,0.4183982208886837,0.2632455537295997,-0.8877473120128034,0
0.3405892164004968,-0.7350312838721234,0.5514762752395233,-0.9875441760919247,-1.799121041562533,0
1.0800480657146485,0.024869108059796696,1.8732977762175456,-0.14263620358065499,-1.3823027914343677,0
-1.563190808696657,-1.7912808349957379,-0.2918112689155441,1.405333837165193,-1.5025868394524715,0
0.487872284871074,-0.7769173357757053,-0.6414869090443096,-2.320620178821949,0.43830900603093714,0
-0.062191016999311004,-0.9590474131914942,0.5720574417141441,-2.209368455794193,0.225476360633468,0
0.3696421921980939,-0.7963388152747736,1.1731246375866413,0.5716857051326989,-1.3661588894211198,0
-1.503080301759818,-0.9738378195251024,0.6504500925361392,0.6602783159041739,-3.1420019509046826,0
0.9475264621228578,-3.5595307969876333,1.1241127199860135,1.390349044305083,-3.79844389356362,0
-0.5327008396619114,-1.9374597232681836,0.5136001065697166,1.234633415414609,-1.9079735535659912,0
1.695051040430753,-1.6906426922809437,0.043602446372453724,0.9768570998185147,-1.9506798041170557,0
-0.3574454228104272,-1.368958503849918,-0.19003903500149447,0.7942194749055269,-2.0077620567659937,0
0.9039348410861953,-2.107631898077635,0.4365598041576678,1.6402699326944727,-1.4953415784557946,0
0.09798315347089544,-1.6343107834781039,1.0857863249393471,1.274732527675599,-1.4464271020530357,0
0.17958178193959795,0.24066282004702932,0.513907849658915,-0.41594645985757905,-1.5484917351366172,0
-0.09053328230416077,0.03470438832833156,-0.5353281859539227,0.38830269024550823,-0.5482229811949666,0
0.06934433703625043,-1.385863434716679,0.20726732939894396,-0.6101054519491498,-0.738197934618033,0
0.23924686411114954,-1.0467338893077067,-1.0727430257398065,0.4235914954297556,-1.923732323489984,0
0.5844129804724842,-1.5694573989955845,0.10589445311523424,1.1187438443576632,-2.436766054458259,0
0.8474216771504216,0.7496300007464871,-2.172669546014036,0.21851168006216748,0.14021949946021284,0
-0.1627929060722942,-1.2082967503684827,-0.5441140021141926,-1.8580619812332935,0.7113115777417403,0
-0.47209057769712737,-1.5470345927138687,-0.1681438185847896,0.9610969257037937,-1.7981073765256554,0
-1.5137143926128271,-0.1309265147680222,-0.7084067669104628,0.3454234927324843,-0.8130644273578101,0
-0.6537663386488198,-2.365011759074214,-0.9057323008626189,2.01275375239881,-1.2972968681044477,0
0.32579631658216646,0.28868850785999767,0.5796331732135757,0.7281612778622064,0.21674809397479655,0
-0.9571509148950429,-1.2843926469701041,-0.9637589262106109,-1.1297507525497017,-0.33146162308760674,0
1.395683810789956,-0.23691965193714426,1.3103087461196083,0.5253265649505836,-0.7259465827758129,0
-0.07595102364252276,-0.8331060017171825,0.9873345165891019,-1.944525651323719,-0.257402593269642,0
1.772251596669744,0.04001719195639497,-0.027514905050636255,0.043459221203626996,-0.9649110028699854,1
-0.47490365662252443,0.03314541197008558,0.5866938014752747,0.9246811236862884,0.270250075478621,0
-0.3079615296390403,-0.2897253333532157,-0.7924199209999613,3.7923799277181653,0.2869953315293958,1
-0.19102776260016902,-0.2864748903152976,-2.5623336587953105,-2.4966788598190375,-0.003051746462539029,0
1.0010460925671412,0.4583555223991189,0.1895816165987434,0.07613485818743371,-0.48716921547957104,0
0.5054701591666269,1.8993517566811557,0.47635776935621926,0.616688345687338,-0.0473644219362338,1
0.019616657693989903,-0.4712029820117385,0.4384757388097273,-1.9638099725373568,-0.801194298041165,0
1.1401490385212665,-1.297361668456595,0.49822174849678513,0.35399627254878707,-2.34976346522385,0
-0.6775646523356551,-1.7704120758950075,-1.7258067287905967,0.21638376613468369,-0.7441428743249835,0
-1.3200225112207058,-1.8027804428601346,-0.7424705856980482,1.3023810515978178,-1.6184017979468064,0
0.4720022709192744,-0.4631933008068476,0.49968511030293383,-2.464196028884233,-0.8443674657325011,0
2.3638724946193608,-0.8517650644146666,1.0729780477660118,-1.5335660894362704,-1.1216657989208367,0
-0.2523535021262876,-1.1408772982479167,0.3230792731160291,1.5721956846746006,-0.2959776827770504,0
-0.3570292008066094,-1.060891317414025,-1.5178737466808094,-1.0434836304708437,-1.066836991621863,0
-1.9196731561976563,1.2169172178843735,0.02538842054241018,2.2617436005351026,0.09445707592958841,1
-0.9186865114860944,1.9303572365161652,0.5555126463422483,1.8906795263164242,0.6410001101378087,1
2.7596600389110777,-1.661991026515516,1.0602099074988798,-1.1981967401880824,0.333180620723458,0
-0.1512732836535117,-1.529986334631363,-0.1973384203073261,-0.0756721905190747,-3.3640399822838973,0
1.5334337012963255,-0.8733337734696143,-2.211861911329507,-2.0314976059394922,0.04314501034756146,0
0.19358991136754436,-0.8813767606501878,0.26256132900192497,-1.5475715275638784,-0.5657396175745841,0
0.42359906559346105,-1.9916933803630588,-0.955122579349353,1.0032404237682764,-2.307675348384958,0
1.4872461553359273,-0.6646982058062089,0.6820520657126199,-2.457458342070237,-0.1441319046826316,0
1.1484457091967548,0.5246099599044911,-0.4263575962055433,0.48383233947915294,0.3026827363324065,0
0.7789365035121141,-1.1141812307286405,0.4395012306202264,-0.164940456665279,-2.4046461109391246,0
3.1377485336599937,-1.445638851253038,-2.1356742139786955,1.442231154644241,-0.855757160422261,0
1.6246784584695606,-0.007033534695228494,0.12267031599479553,1.1854925589698917,0.5375220930066742,0
-1.5841359430054898,-1.0241099563313285,-1.803139676255945,1.7041452944004392,0.03319636935113501,0
1.1486373494287152,-3.5678643865364443,0.20056919723094285,1.5186258313091445,-3.610430509816211,0
-0.810252437014381,-0.6759488987991537,-0.7345915767980492,1.2713522579096828,-0.2067495886462991,0
-0.08310557262869477,-0.8608122323156305,-1.4063174636718339,1.8846253195502949,0.4659135567690267,0
-0.3431922754974105,-0.8526583472387037,0.26912694124510733,0.9221173589860427,-0.9564898916848065,0
2.0574954697116987,-1.2003041884438521,0.6191542610051978,1.2295318637966028,-0.9181880791659084,0
0.8968393158655319,-2.7693992145083217,1.6122206282554243,1.6577379882473862,-2.410695824214746,0
0.8108082731597821,0.32861916360553556,-0.1343087414705478,0.37667399921582023,-0.21525411037613074,0
-0.5132135664715852,-1.4067878644026546,0.7408243454201259,-1.0650129328955131,0.10980335486751458,0
-0.8514064342603136,1.2181998230183595,-0.22979963057519381,2.0067543729772233,-0.1816145457337146,1
2.98525900260341,0.9300179024325927,0.17521141890851205,2.0986696821977073,0.9059117037176557,1
0.2801611588196068,0.26238755443937256,-0.02640575695892703,1.077704006182475,0.8399461678364948,0
-0.30372602877666466,-1.3444269175565404,-0.6581164890752567,-0.4543362995872807,-1.3973209147582877,0
0.4070522871245351,-2.920387420691796,-0.7728776678236091,1.756153247056385,-2.3683019596256214,0
-0.9735461997044687,0.004628011042419167,0.8071225966373103,0.08510224653505805,-1.4230818106350767,1
-0.8254105299789551,0.9020083287038304,-1.085150526557798,-0.654117316501448,1.1781811408683016,1
-0.6172531865469232,-1.0072837542192543,0.8389405004696122,0.001166047156462735,-1.9217554406212631,0
0.2011596558728393,-1.5673052410310404,-0.4646172972983931,0.26677125169450155,-2.902915495363983,0
0.46217266608194285,-1.0350713116499728,-1.5981243518837476,-0.9690778892872935,-1.071386556764811,0
-0.181224173218103,-1.037713318796065,0.7441919714999368,0.13424524058231868,-2.6560797673742407,0
-0.024195606390916165,0.0976006696667382,0.40373009033660945,-0.30939459637797984,-1.50557377200237,0
0.2603218387712207,-0.38750201018820685,0.28869362927985703,1.019986843118755,-0.19764083516444642,0
-1.326472128311083,-0.8333829860002651,0.39069592092814415,-2.3169317312999462,0.6653315412534948,0
3.109918556005361,-0.30879040452464224,1.9956674897839644,-1.617043634806841,-2.4820356391579055,0
1.1267051368275833,0.5464468215290785,1.0325462043416573,0.44611876328298183,0.24738530514752943,0
1.3175975356079597,-1.10624654620815,0.1684609762696143,1.4497793296037464,-0.3965390690531754,0
-2.9403886346642802,-1.1662393520270877,0.5935567222808619,1.3050001424284223,-0.7445126942457225,0
0.46877425607502377,0.8826982238365022,-0.6022120603617805,0.32347864105437707,0.47342173595139125,0
-1.4575514994649306,-0.5634548186541777,0.08243975293450329,0.7163941158612612,-0.7941140887559308,0
-1.0021874557814727,-1.0739473982037895,0.04091917539572113,0.39107679017200714,-2.5217679767051493,0
-1.2542894231692494,-0.8299574210175493,0.7942646796218271,1.3870966008832328,-0.20884438824681972,0
1.2446795807367868,1.845970972141779,2.9490944253087252,1.0724383788780831,0.7386407872038785,1
-1.3659557112005343,-0.9863456196826462,0.6835693232004776,-1.5617997364358285,-1.3897308792041456,0
-0.25495579355369785,1.2960769772468863,0.5488838353173644,1.6516046735911876,1.107005462053341,1
1.5490201514951873,-0.6021081885331916,0.1018562952619867,-3.0847204123354413,0.24474604634768538,0
-0.3670278390833223,-2.423402137013721,0.1764415552772252,2.102005135648181,-1.2190527310182313,0
-0.10960980392583083,0.04506204016627424,-0.4363858905265686,-0.12074556972219352,-1.3360997061830118,0
-0.31771509675623405,-0.9320895005475958,-0.375196380323937,-1.2413908519967325,-0.5286432315362269,0
-0.3700110298821277,0.7821914496327178,-0.08836295920533532,-0.6341416977298502,-1.0474745368484308,0
-0.6078219870944325,-0.16275424420618967,-2.1218548990085946,0.4816913922554661,-0.6592885518647662,0
0.8925973382993092,-0.9437500128033709,-1.9701038177118355,-1.581405351833323,-0.39237264787991966,0
-0.13427916218630415,-0.9529800269622255,-2.438817158276429,-0.6917815769935838,-1.335521200818576,0
-0.2797601684958344,-0.3391618004669512,-0.2789629303318085,-0.09889966826176311,1.6188335676599968,1
0.30179189981946597,-1.5862973317404305,-0.9983854391882915,1.176326842851771,-1.4609529642789532,0
-0.5089636257074988,-0.6943256065818204,0.39241596717876703,-1.383593533268078,-1.3548148945287242,0
0.7307641190665245,-1.0325315066807095,-1.2111719292807812,-0.40777003707161064,-1.7753151552476454,0
0.0064222698109378164,-2.2280233878907407,0.5462842480036996,1.2662988811487388,-2.255851114083453,0
0.9528745472029388,-0.47731047061097276,-0.13744851462769186,1.0248420899142243,-0.2576173574555244,0
-1.1388331177807691,-0.5589368770645656,0.6222071440434019,-1.4955804614579988,-1.310352740401579,0
0.5576910607251245,-1.4124423656951224,1.2816437950037687,-0.6357177014056999,-1.0243805740503245,0
0.6863184569567008,-0.11141588326208773,-0.4070363129267805,-1.6521710797740328,-2.293355753102734,0
-0.009300321138614417,-0.9136237736671449,0.00020706491819709385,-2.1010834703851575,0.13140076359494834,0
1.9583474542205939,-0.5447411250230438,1.100959634998571,1.0363921661498516,-0.2965761883965994,0
-0.2711236010425688,-1.5669791550586605,1.4926885689595217,1.4664309556112873,-1.064357003436925,0
1.4524675344707454,-1.3591034805402256,-0.4532484090230134,-0.9090078892104916,0.012285065189646893,0
0.40865281148067084,-1.1501875001427289,-1.77623523289832,-0.2962343826417597,-1.4570585727769902,0
-2.0038623644067535,0.17390826606461285,-0.26451484131061076,0.3903898897782522,-1.7623111598312682,1
1.3404504460231446,-1.2152237859530104,0.31917451041918043,0.45281758546836726,-2.175465853722729,0
0.14338846734225108,-1.0192244348129458,-0.36927713924620315,-1.737220583265496,-0.6437365907135553,0
0.44194064956940904,-0.787520539608856,0.16865467196672768,0.9928485421106872,-0.7368376664605487,0
0.606850593215671,1.035603473058167,0.4200944904518413,2.8100762829524975,0.6884088668861913,1
-0.20931381957936157,-0.7341118249971503,0.6833289928110694,-1.0393951498042968,-2.1350863216639504,0
1.9389289990582848,-0.022395180562220673,0.12637957954641182,0.46772341473452195,-0.4602762849319517,0
-0.409282438113104,-1.3343279556933456,-0.6947131310890582,-0.7499524842889165,-0.397262616207429,0
-1.7690759048891183,-0.8107644792261269,-0.025574312191994436,-2.20448172080253,-0.7965513578589756,0
-0.6619821777966091,-0.9637367957067399,0.18970616761039566,-1.3045521783671394,-1.447702202102684,0
-0.5924642591528942,0.4258635152653245,-1.234348871879922,-0.014947493724245753,-0.6158046113209138,0
-1.2376624223272978,-1.0192679201768262,0.4822489526806572,-0.5034804166835436,-2.219211827867546,0
-0.03703679704841202,-0.878093361020954,-0.6117690909052854,1.2761659867468287,-0.40274781532733506,0
-1.0097307047099375,-1.2971133237869803,-2.3629324355418384,0.6242808816530856,-1.9235845276133454,0
1.3728484746765302,-0.9141058012555398,-0.18039168176240783,0.9079256249149106,-3.1837198114800525,0
-0.07783719701280203,0.5532279577858144,0.883109777147159,1.0119827363712268,1.09965614815698,0
-1.6624919880356743,0.37720009332545446,1.3043402428781525,-0.412025732341494,-1.353272207180433,0
0.30047435961082836,-0.7004665807679067,0.32674476460232005,-1.6704296172112358,-0.5917640214259366,0
-0.21492103028873533,-1.420331827317084,-1.1057046684859357,0.9060149963214883,-1.6864330713679268,0
0.9681846605328611,-0.318652581001841,0.570612997219531,-3.273896544445874,1.2228504127077278,1
0.18384954475369486,-0.603902070608876,-3.0195121558208253,-1.200057573149297,-3.067121417511837,1
0.26348721533105957,-0.9637682627816331,-0.5029747705513431,-1.3645937316489778,-1.3225544682254406,0
0.26125053123385605,-1.2730770523778454,1.2119439853864005,-1.8260646216683798,-0.050689151334721516,0
-1.148794035158656,-0.9009029980351071,0.6793732829565033,-1.665752969531282,-0.7118194441338868,0
-1.2207124259141586,-0.9665397404430887,-0.5505368494915835,0.10716867703319344,-2.235938160484525,0
0.24395319790850026,-0.9322340453116579,0.1733416643704082,-1.2256590432243086,-0.6042527296433141,0
0.4215866106144557,-1.3981242202222794,0.6659242520544614,0.7090685386783644,-1.918669949948955,0
-0.19090379172729868,-1.2454479272649086,1.804348109786743,-0.916704339137169,-0.8260093974203072,0
-1.3526702858435344,-1.3353150643677265,-1.0293715081820716,0.6978055876365763,-2.235834701705534,0
-1.7073579575929467,-1.4339339496925072,-0.5358014630522978,-0.339750056620874,-1.6693136242276474,0
0.03793783544760203,-0.6634398025850623,-0.7632861041785816,-2.7006714915751786,0.340845514689341,0
-1.5642416117110514,-1.629011753093158,1.9764405845154855,0.013708155619172713,-1.0328521967470694,0
0.08958068125524882,-0.9814328806868128,0.5556044660034485,1.0734495606722612,-0.9578711884212339,0
-1.616310608436588,-1.0856239823523504,0.7999419019420501,0.5531184894237068,-1.8262208175601775,0
-1.3810446031537749,-0.6194473730395258,-0.7859860326349823,-2.8967233053615287,0.007641162467738605,0
-0.9242331442683044,-1.0925133498565516,-0.23040071420576733,-1.266796798458148,-0.0832475388015379,0
-0.620847598251116,-2.4315390700288275,-0.7877837519082389,0.9951562829101677,-2.915499251380641,0
0.8872908372667421,-0.9131242383097707,0.8691560643892732,-0.5939947122473204,-1.9925679787478408,0
1.4436320034688142,0.45752044421675797,-0.493122822399772,-1.3371235513777036,1.2537334919397742,1
1.7952113559123222,-0.8827011371184731,-0.3206676255571917,-2.131189931992539,0.05299154958622365,0
0.8297324178791745,-0.7203942287107078,-1.2995812369275976,-2.1973151652761924,0.1751377914410368,0
-0.828497024780246,-0.6658487253949508,-1.6009039784765156,-1.692968668006474,-1.1900623434809754,0
-0.7472116791478234,-1.2621829547949421,-0.021367294348436157,1.0247164778045683,-1.2460657207097827,0
-0.9533286082587124,-1.7280851257815315,-0.4827435221820324,0.9004209823129302,-2.0641968131150126,0
0.8178896580250287,-1.1612446457999708,-1.5537587660160643,0.006938197438006499,-1.8453931103180596,0
-1.881849045497639,-1.2091508472760668,-0.12853751143893075,1.1939732174650617,-0.9799739037432972,0
-0.9263811299815384,0.18212616762059963,0.47363207681145447,0.44668343084466944,0.740808941115543,1
0.8623934723827588,0.5964426661849092,-0.6267172245899651,0.1062080554565803,-0.28009732366898255,0
-0.2628908292082677,-0.6913200675991455,-0.01926037973439464,-1.7349839582858348,-0.8068936913983868,0
0.5010941699398452,0.7118251060580065,0.9751976297824297,0.951732061669712,1.1883856034413411,0
0.15175799224874037,-0.571494794492116,-0.31984752325484395,-2.5076524475954045,0.017363440401097163,0
-0.24702570074599667,-0.7120490397379438,2.0997217891665154,-0.6677971590525356,-2.210938296274368,0
-0.6163614080394775,-0.9364913661112487,-1.2601647651725802,-0.5747844579190924,-1.2690825699253625,0
-0.2813275571182134,0.7372536124547346,0.7368438970924334,0.13894347960499753,0.043079537416023106,0
1.3814540786904865,-1.5034181718950923,1.7495839042054206,-0.43519427161563007,-0.7705500511534626,0
-0.029262813684978354,-2.293348058042575,0.37710039390218647,1.5713924346016146,-1.9706662108147865,0
-0.20922187374452778,-0.18552684486093574,-0.5621680265783021,0.18823817669287413,-1.148379282085163,0
1.1096998419562232,-2.465574104352311,0.6347214685617699,1.544933957767633,-2.1414334759256004,0
0.9788580507817954,-1.0064128663851797,1.7388996637975789,-1.4311416046999506,-0.23441712289866123,0
0.36150352520610163,-0.8483646305372783,-0.6124373746404379,0.7072552663360103,-1.2064105743195452,0
1.2619215007139917,-0.3922918252486811,-1.7730324682068814,1.6510984035923904,0.8064742402835907,0
-0.10322175293249623,-1.1295021822094182,0.3904648499288896,-1.1460125474433225,-0.5544760265989106,0
-2.296180953137238,-0.5359813537849786,-1.4438548161335418,-1.8190949940607268,-0.5266824427419285,0
-0.6777449705248515,0.2616889147122716,-1.0003313246055747,0.5495548258057918,-0.0498836274070823,0
-0.4108142879545848,-0.7126407242642251,-1.0909664302151982,0.9988584832469755,-0.5712585321959494,0
0.0341524174880246,-1.026307258805557,-0.6757080791616118,-1.6809177300711615,-0.19746652381644336,0
0.7906255991627686,-0.9364574424451464,-0.684629825760004,-2.052966530651214,0.6716581961889807,0
0.4625912928539512,-0.8209820527755998,0.6663125009092119,-2.522735196120234,0.5504236517562799,0
0.6929186230316111,-1.0991078138830432,-1.3386057997232488,-1.4297737813840847,-0.027652154502561865,0
-0.01208894784605456,-0.7386453080323265,-1.4511756900515589,-1.9692017696719266,-1.0535670214414958,0
0.7846042878980238,-0.5730339252196184,2.412615421612916,-3.1208235077292334,0.3841177049614841,0
-1.0710536796490489,-0.48681000951671594,1.235782191822154,-1.1740205451510088,-2.1522107921236913,0
-1.1267674689098053,-2.048199717931813,-1.5708761520684993,1.0723468392467348,-2.3239585976587214,0
0.6170059495766975,-1.215933992827693,1.0599363840466218,-1.8975316202628671,0.9550874001619871,0
1.0352493347237526,-0.9586803587386579,0.8901984111247868,0.12221334163640862,-2.919259111631506,0
-0.36961033604363397,-1.5823882969197018,0.6215718898560508,0.9382629071081247,-1.8629382547212476,0
-0.07159925185806683,-1.1668203527835896,-0.29396694766418224,-1.5668787849740076,0.07698069060272772,0
1.1618783026081905,-1.7697389364275056,0.07005216311318138,1.2664683950579971,-1.633746657163906,0
0.4523717962497339,-0.908590997721492,-0.07964139124571515,1.6182354723383023,-0.004624548602034428,0
0.14679301198554937,-2.259624271175432,-0.4830610516834395,0.9661855136857471,-2.805013827745842,0
0.42719436187168486,-0.5778729077249677,0.9694572005267368,0.7710638957691754,-0.8040937108009856,0
1.4898634386020821,-1.2881525863963608,-0.22320225463480511,-0.7498156071991384,-0.33966389737335345,0
0.5142547560178349,-0.9820823481626758,-1.5311075025557221,-1.1693124032540672,-0.7929791546298569,0
-1.0858251288851855,-0.6793172297102108,-1.0872459388628026,-2.716281170683354,-0.24414352749476287,0
-1.2575778589146163,-1.6128237272927048,-0.8108575112103382,-0.32825984139352493,-0.7482402112977977,0
0.9191541736100015,-0.8479463262676393,-1.19363683175648,0.3301421555424997,-1.753966097427131,0
-0.7519693317388191,-2.0313088436297635,0.21319662823768915,2.244491260800333,-0.4539116840444505,0
-1.0039573720814985,-1.0809968210401122,-0.9218598131253132,-1.0435563695163235,-0.9276433258227303,0
0.018849622944847662,-1.326570209888615,-0.09858813228426173,1.717193297293245,-0.34769612780281334,0
-0.3223204692113399,-0.3139710510586622,1.6153756894694418,1.1121287991657711,0.08753402299601953,0
0.8743891807127275,-1.1010510281643422,-0.47622087354465903,-0.28605771474628683,-1.0769168321137281,0
0.591814133741378,-0.9285367437459311,0.6728612359668199,-1.5131958674702926,-0.9807628175749915,0
-1.4382779783173667,-1.9854029066668448,0.11327041053776446,0.7055150013276301,-2.780577057394366,0
0.6031874310823431,-1.1090261630220113,-0.3286184757489846,-0.9815310879530168,-0.9685096121646376,0
-0.8432465953161917,-0.8588643190520987,-0.24606248812994858,0.38216348584638304,-1.7900383433899907,0
-0.692420979873856,-0.9883501697641454,-0.42930222451725997,0.5325316955629509,-1.7438602015479199,0
-1.0150941918278686,-0.8396509297492288,1.5805406865683735,-1.3518640364226757,-0.9631251585107595,0
1.0299608175811612,-1.6161128275812984,-0.643549832317462,1.0941115882789025,-1.6711472055658658,0
-0.7517910500951843,-0.3984087124496777,0.29875290836568624,0.8537702789954397,-0.3997391825690948,0
0.271495310825648,-0.7615046682018864,1.0176614668435024,0.002518383691520798,-2.4705914013584334,0
-0.8031789506803448,0.15496627172259836,0.9135846262332494,-0.23012560225626055,-1.255798172681862,0
1.4484992298929262,-0.7151243908202543,1.1173988159024608,-0.730634787338241,-1.8835349283500138,0
1.6426729532559634,-1.0820627142178325,-1.1894118928673278,-0.5737737486258301,-0.766568376068531,0
0.08614388304637476,-0.2160957953540622,-0.8275902206487197,0.6327544859544618,-0.5370590640814605,0
1.1876793884615637,-1.929270920183657,-1.1790397911598025,1.287626895006729,-1.7995158678291536,0
-0.6706202090766449,-0.8456378796081775,1.0005823180429783,0.7420857725595195,-1.1143241926339702,0
-0.17435425790283585,-1.4792197717672082,-0.02355215087423812,-0.22936177943424574,-1.5282355837963404,0
-1.0718572330401555,-0.29270080064734083,0.6704806172412126,-2.390945367206376,-0.12390061962387144,0
-0.4872285641135523,-1.5421857128633063,0.34767648353833636,-0.8482250184261176,-0.08904891310296204,0
-0.6004235657387051,-0.7240915561146324,1.4196030045136372,-1.7055040158981987,-0.44021945654811945,0
-0.3916485674217911,0.994109190359441,0.3080505395041023,0.39877253236058785,0.6937739535250642,0
0.07685188295876821,-1.0183567745415343,-0.13125696709230472,1.43527977631653,-0.4229204216651371,0
1.340461051790348,-0.7486546354989345,1.673452090298537,-1.8725850291761896,-0.6022621480933371,0
0.9216501119244593,-0.9155353228223004,-0.1891203907770335,0.008706084412041015,-2.4150956958296055,0
-0.5047749212282174,-1.3537427219850307,-0.9993022322949108,2.1268995457956716,0.22061700344026147,0
-0.5290526773462948,-2.13382202590154,-1.5625458568865427,1.6079026456996255,-1.575138504619015,0
0.02131164867194222,0.1581325296750118,1.0760071385985983,0.06900166615202008,-0.8210844894448492,0
0.35561334878566,-0.06107265898271763,1.484116028535965,-3.519457717363439,0.021956927737334153,0
-0.08152267310164589,-1.5450619006792623,-0.5041798310076715,0.3161758940887722,-1.3625728958371044,0
-0.022868062298882122,0.09066662541360238,1.2969945465611092,0.1684060440919558,-0.8099594064346255,0
1.2269332238843076,-1.6209464283126676,0.7660802783846903,0.8943545908857451,-1.9660641454800438,0
0.7542913298135743,0.6807780930103321,0.8004095252276823,1.1023811734372266,-1.4785067267246883,1
0.3673655068161781,-2.2582957795468834,-0.22647889190152676,1.3547469239397187,-2.124669014334225,0
-0.7991920066502536,-2.623600602901463,-0.6459641791245353,1.9922688643829418,-1.706140632897032,0
1.1398785611290454,-0.2756634152913988,-1.0065425652796411,0.7015911647764983,-0.5085872631799142,0
0.006799844559997769,-0.7215533860178627,2.0236062192296393,-1.4700401213607508,-1.2420938588714625,0
-0.9943493746085122,-0.7652660003707112,-0.22859991534001858,-1.9169405221591833,-0.6747012581325829,0
-0.7157599891107518,-1.6086790368761479,-0.06717829004935526,-0.746545116683895,0.08104473362956921,0
1.4532606633210343,-1.129264067083779,-0.23086637384476896,-1.8806077160332433,0.281346607261022,0
0.6687416555925126,-1.4744797120748654,-0.005596018829046555,0.5565151884515531,-1.7157777752305177,0
-0.387099702474401,-1.4503910545667558,-1.0917008761393143,0.38999898773982666,-1.4058701005574201,0
-0.668144085538994,-0.5395374868808256,0.9192289345752035,0.2630473063841545,-1.4998436599243083,0
-1.1482632887526183,-1.209236121652144,0.8113965544915921,0.44143433154576917,-2.526891153644794,0
1.4122205554154292,0.07535917759028288,0.02421945667275807,0.42381586132726046,-0.4628848488016334,0
-0.4036484632419967,-1.778617853173295,-0.33477533210654087,0.5012114112292421,-2.825053569670318,0
-0.8318222082304447,-1.3965232053771155,-0.9161919154812425,-1.3897646709099676,0.013976671670231644,0
0.5161782871149584,0.10671458634183861,0.7250957868479971,1.9733364635198845,-0.6862358992638935,1
-0.04865235157045115,-0.4115856465813513,0.34378788154988543,-2.982981551810295,0.6260531299460024,0
0.6931056072631441,0.6208661955852539,0.42881650033057295,-0.26280085872629355,-0.719673927847885,0
1.8381836767951225,-0.05132555861536747,0.36728731340134063,0.5306622148468851,-0.4676836477198224,0
-1.3303136257389898,-0.604686624608973,-0.8987840483231282,-1.3892491118725498,-1.6531553815111288,0
0.10435593752321293,-0.8286013841489646,1.617212574968624,-1.554630150865714,-0.7501895138969701,0
-0.29540141013902943,-0.5627367104109819,0.33848384346169114,0.7347211792582369,-0.8474518688559586,0
0.26028050658288615,-0.9695512583576844,-0.413465161123276,-1.2852494772425203,-0.15430113137960644,0
0.17682087213939798,-1.4316544644449392,-0.7217375533372533,0.019207591061956686,-1.224861034142304,0
-1.3260476860820383,-0.9359665705884052,-0.35976864578908574,-0.919167148855829,-1.7992926561411902,0
-0.9175028210142636,-0.7731005266471911,-1.1225448062444139,-1.6949554816906143,-0.6598962304291756,0
-0.987179527151184,-0.7701009505861789,-0.21113023882769444,0.34792731481915173,-1.5948706073898027,0
0.4826878872092127,1.269776792943372,0.9218015019772522,2.308723096322553,-0.8137864510409873,1
-2.8722622132816493,-0.8132349339815625,-1.169916835710288,0.6367202303372419,-1.2858057358799906,0
0.5467335682013793,-0.019519833160500766,0.840620026504553,0.30687700941427565,-0.7540631959443461,0
1.6614701657280182,-0.6415814745105675,-0.17585440443207118,-1.829374431078792,-0.247754249016646,0
1.4223698616985077,-1.1282191736525684,-0.5975101946916416,-1.2375900777550073,0.14366299420130546,0
0.01914777741575206,-0.6402368978225692,0.42588720619303577,-1.7177956297088919,-0.9215498024376407,0
0.8595878869798019,0.8132318914584785,-0.5495571359085801,1.841747917402058,0.9671766591419622,1
-0.3493167961181975,-1.3570011764813081,-0.22346598237185214,1.7697648131444523,-0.32152197808968763,0
-0.9811655311396816,-0.7908822052239467,1.1941094030473725,-1.0152916681300501,-1.3509714583791146,0
-0.8661748482145009,0.7087653887266401,1.2657078408647007,-0.3813721955036813,-0.8685364493355251,0
-0.5426737997340217,-2.6788819151557526,-1.801057734152739,1.3152612679781437,-2.7174314396949155,0
0.7083038472010638,1.1681776882444652,1.188913371474643,-0.8223084739711615,-2.2878071014616013,1
0.8840453963610497,-0.19531205713215705,-2.4242402602729416,0.6559695957264671,-0.47936841728441393,0
-1.44964521969853,-0.8277822102425002,-0.08343796979036086,-1.6194680823020744,-0.8591229720183419,0
-0.35316629281068834,-0.7457297642465477,0.19438430157733602,0.30882568630887797,-1.6741723074596309,0
-0.8082657216409264,-0.5802302639260488,0.08531814256502405,-2.0944966821343374,-0.2939891783180887,0
-1.3224579567435701,-0.7370087725890881,-1.3510743662080213,0.03220617986852159,1.7541240398127214,1
-0.3695269288333586,-0.7686545102532427,0.22530792204094158,0.38675997005265783,-3.186133495909408,0
-0.11806852699107874,0.12570847482853775,1.3171150673398653,0.1637662817197414,-0.7587286148365364,0
-0.25890497370407733,-2.4231532471525465,0.28328787154614216,1.2271902183247265,-2.5105998732228536,0
0.05088770185601806,-0.5130939942624178,0.16476084123651674,-2.3580490879419767,-0.11458003384377191,0
-0.8818746512277178,1.1864570243108918,-0.026521259249060063,2.649188295438715,0.41221212551577424,1
-1.356581804623405,-1.152542688080158,0.2935579321666293,1.26703584772607,-0.7336201249215757,0
0.5087250232299338,0.8454193617275161,0.2671266510114834,0.05581165605960181,0.01179505960964633,0
1.2361307218062179,-0.5236511720500813,0.9653974845911707,-1.6327806706616539,-0.9233648832551444,0
0.23836898273478513,-0.915990486806415,-0.9273531341905741,0.7246907526045436,-1.3205077740380622,0
0.43192254467394064,0.5340199802808745,-0.6414815952229522,0.42109813007591435,-1.8067989655819945,1
0.19473619471877485,-0.465789024958961,0.655900776529761,0.874000472422419,-0.45444359280354374,0
0.6897078052451944,-0.9029901654144977,-1.2922626951056186,-0.48259556953850014,-1.7276655427282852,0
0.10855970577652314,-0.17268269142009096,-1.1437262073206618,0.8026113857998753,-0.1317582848716985,0
0.8527736751222195,-2.046122862973517,0.0678555105274033,1.856484031673408,-1.042150233784854,0
0.7426824183597224,-0.8704397998567135,0.07595526791608741,-1.1358865808046534,-1.137852574938603,0
-0.6122367345077503,0.47635012808284183,-0.33130838318332273,1.2498711336439565,0.48433065926778485,1
-0.9020515543575104,-1.0141683630701201,0.3764095260975166,-1.8774727089183965,0.5444820976804259,0
-1.0276751409259581,-0.33054274806183126,0.15985639199740037,1.453375954627764,0.6552021083741792,0
-0.6603211394734471,-1.3171844181403494,0.007063158628176452,0.5638097680328156,-2.3076329246753,0
1.1126883749899252,-0.818370110935777,-1.5223591862178911,-0.9946558316649692,-1.4627668517549468,0
-0.9745293046706415,0.9507546382657883,-0.13263374638257355,0.8368183968160077,1.3643313964263055,0
1.598647170504717,-0.5943339234347804,-0.25879606266710237,1.1046627082513019,-0.29258230162728105,0
0.4676931717654332,-0.8188391413522809,0.25373966149457344,-0.2846928730571292,-2.6689517349735894,0
1.5111549302473475,-0.7945794581155375,-0.12754912037753421,-2.1230908407697164,0.3740015576229665,0
0.5885532697707198,-1.4602677321213513,-0.42924442029866183,-1.0187362009795613,-0.4860500822905015,0
-0.92951086019241,-0.8567212288680321,-1.8461878622380938,0.09720853892190462,-3.0252606096670527,0
-0.82688035403986,-2.5144748523162206,-0.877982586756561,2.4183955467631186,-0.8760778633383443,0
0.324359281721603,-1.4188550380209395,-0.9037018607301281,1.2451918167005092,-1.1390598394204514,0
-0.8671302157109003,-1.106567789551777,0.8250982646676347,-1.1995239699067866,-0.5895190576144614,0
-0.2500465145989528,0.5502251441558728,1.3924653000643288,0.13906697668066514,-0.28921265954791864,0
1.281016361735113,0.46485132193512935,-0.4473218956587512,0.0011431819520582032,-0.5437476085567956,0
-0.7666565877833479,-0.2729989055942601,1.9925153531681183,-2.1736252277866237,-0.6138662391191352,0
-0.30317978283427544,-0.26802143880618645,-0.01941960588773261,0.49689027175035205,-0.8132956527039563,1
-0.2515388860444957,-0.6773167336291224,0.7833905092825955,-2.1830874286271533,0.1872835111195712,0
-1.2932729578711637,-0.7197741650072587,0.7197579421481819,-2.4932153854068524,0.12732958558592755,0
-0.8058700664961888,0.7788570549683063,-1.6834381922209503,0.295236726164935,0.33430328173044677,0
1.0971527117536957,-0.15722983239488375,-2.1533429198712444,-2.557043551726702,-0.5271811442262175,0
0.3636318826249679,-0.8253697488325403,-1.252393444413119,-2.041613007941348,-0.30868613033309533,0
-0.6500239344068982,-0.19939739937878775,-1.496529255090079,-3.4306924056894994,0.5673204715464739,0
-1.7485319732381808,-0.058551029296424084,0.793488720552213,0.7032845954810198,-0.1486038431660831,0
0.4477169258102776,-0.7561742527949987,-0.10730214400422888,0.05699607198052281,-2.1565217044089344,0
0.7421274910718922,-0.775825801388502,1.639964529371393,0.615142347842093,-1.267451139907412,0
-0.6897277740641738,0.18936844998461022,-0.01383774609423725,0.7854544964113659,1.0581698599186713,1
1.0701502383164274,1.143428145545201,0.3514482075415829,0.30869857922471766,-1.5409101223681927,1
1.3744380931708173,-0.8922321405662129,-0.5956612940434921,0.08330007671510498,-2.200109972911445,0
-0.6500025808234597,-2.8074152067043343,-0.22485598180807856,2.465616084577614,-1.1355136191822215,0
0.5752050161065663,-1.0949144285305845,0.8903831635197862,-0.603736979779264,-1.067726508344858,0
-0.3920126399191296,-1.0643824158135693,0.6934789119139937,-0.8183179285267103,-1.0701970527039903,0
1.1210306673244714,-0.7147525701372445,-0.8224199323822006,-2.1929836977761163,0.4177144783666942,0
0.9375701376265584,1.007042367033181,0.6592456684324051,0.47367829949580254,-1.8111017523320938,1
1.0075136898369221,-1.1034710095325932,-1.8665399513606162,-0.8313005618779542,-0.32855847210732037,0
1.5337277099164992,-1.3635616805504607,-0.6292633936927887,-0.4152130041454859,-1.5177038910067817,0
0.15519068385897913,-1.3322145736013504,-0.32789471651291785,0.5237306685268539,-2.43468931749209,0
1.114321694668872,-0.7215039221733597,-1.1808128153088449,-2.9580974515023626,0.6466757530335272,0
-1.5029703283951532,-0.4929247513974008,2.6443433470170348,1.5662788771241738,0.4918742389532147,0
1.3736585451629577,-1.8232823101818296,0.5112025995249807,1.8341910448705907,-0.8261069930215726,0
-0.29548031802916036,-1.2807814248756824,0.5609194479412387,0.6426946986737628,-1.9419653274882664,0
-1.6019658118971685,-0.2201684420043588,0.0754336389015928,0.37314700096883313,-0.8257850349957188,0
-0.25812899591659055,1.2955221266638823,0.5459713741856751,1.6566540267367833,1.103488707324662,1
0.4837620408500714,0.5576198664186082,-0.4096138937870919,0.5306539287426302,-1.754006930355863,1
-1.098157247962413,0.002624263874729582,-1.2310719227719775,-0.27750842360703015,1.4942204702648498,1
-0.7067648381269953,1.7486850455120126,0.09487293398133279,2.3871057541855816,0.5672738636325753,1
0.12433289361799321,-0.5719650569440212,0.41820194990718573,0.06139988123820064,1.8217722162732213,1
-0.9104307410059896,1.7635232496173248,0.42498030425265293,2.0607897641872595,0.5896899868137518,1
0.22034482038128717,0.30317579452770926,-0.4624392290823885,0.4429126833083889,-1.520848068475635,1
-0.5688494813353745,0.6298700297975918,0.16020390824529573,1.7100791232694121,-0.49321070449456805,1
-0.45895500061117683,1.2604066776492806,0.36164719122614497,1.9762180830290021,0.8809199200609462,1
0.036604571601457914,-0.33396253705822504,-0.06358813069271718,-0.9037886650978595,1.5184484344511153,1
-0.8526851858931593,1.4024404140869764,0.19541647189583516,1.7721558382014357,-0.018538801978503328,1
-0.02323806683772134,0.964780205934955,0.8038082677171225,0.6813707344279196,-1.3108635438293805,1
-1.651095392758135,0.11594888915690368,0.10240000157104823,0.2858633365917703,-1.6461634041131474,1
0.750483371645551,0.9092277900977481,-0.13096687104701837,2.259766941956407,0.8468350015579813,1
1.0987146894314868,1.9551283793716363,2.707262449409195,1.1404576901071442,0.7552069161925126,1
0.06194403403894938,1.2002967534784266,0.5015259579446403,2.077592991749036,0.9530808789035079,1
0.5547177632583971,1.1135729431596717,0.8896080623257013,1.988798362139639,-0.9900718419983541,1
1.0231421620288552,0.263138227449932,-0.44087002670800657,-1.035009747712781,1.3428141292124278,1
-0.7108667700416212,0.6498702906078483,-0.1390959440103523,2.4357381407415284,-0.28737190507995836,1
1.245371296025438,0.23420856402578313,-0.2688638139785555,0.19190821702696123,-1.2958552454364107,1
0.8917455500946041,0.8978927726052018,0.6909709595358791,0.5506409135673016,-1.8345186570194392,1
-1.6238185282374382,0.11146731860559275,0.13077081648363242,0.27778107022551013,-1.6371825559847066,1
0.39684004365171566,1.626322241079875,-0.06512778035980671,2.6849898217791326,1.0097210174535047,1
-0.2965046179212976,-0.25474218773111196,0.6311667140381246,0.2976186522232599,1.3323220085879741,1
1.1002048588525435,-0.23242254664923068,-1.2934173190601166,-0.48266790388897785,-1.8543480630029636,1
-0.6515620659702177,0.33071200424981884,-0.17019765212855908,1.0141879075522733,0.7755439001912364,1
-0.28182925064110975,-0.02879056731445942,0.14632108242971406,0.5401083837058486,-0.8931016887008556,1
-0.7267599932544186,0.940201460058489,0.05906142545031656,1.7089043491743905,-0.4175361819021935,1
0.7726754851918812,1.1229353434353069,1.0401973191828522,-0.45843120589273983,-2.1539614143983163,1
0.9272483814844517,0.982456973964234,0.6663916294970642,0.49101373833529344,-1.8163762914562527,1
0.2825243516237002,0.5657376941530458,-0.009775460019638027,3.158330138853291,0.5460966478043596,1
-0.5364923802874433,0.5112134952294832,0.1436455930183274,1.8413454208174849,-0.4852438906400382,1
0.42456926890857594,-0.003521889849910356,0.9444318528902389,1.121017534810937,-1.99199966554472,1
-0.6216745528860086,0.505898884185184,-0.315988996553769,1.270988487125356,0.4447746946331713,1
-0.8051399209237913,1.0898216953287398,-0.2776986520748548,2.158774693418043,-0.14171915808419894,1
-1.0595633922269259,-0.28787341897299173,-0.9735991153668834,0.48293545650464237,1.2840989724772407,1
-0.301489545491983,-0.24908247518850601,-0.00629856993430223,0.5003116790496951,-0.8196135815013225,1
-0.8411348671865235,1.31726093392655,0.0017214367397509478,2.5882140647970626,0.4482876692678373,1
-0.43551307046812765,0.050706666593816896,-0.15296543636377338,0.8193047407995024,-0.25767263547819874,1
-0.6019311745283864,0.45152892348618,-0.32090839546615263,1.2247628505474606,0.44106107508139125,1
-0.9173472951665074,1.9032941297528276,0.5343382395220049,1.9182740927150959,0.6326767980155554,1
-0.5668082848896685,0.3669345461312091,-0.2854636819750247,1.139190066731559,0.2935918610711772,1
1.565518629582059,0.36491532473806393,0.08407036358738433,0.12155865630618531,-1.1345133054392895,1
-0.528772432030372,-0.1384149880089225,0.010859697476211794,0.11120314396772316,1.2807082783211738,1
0.005775840357054474,-0.22216578292947864,-0.02062469906618925,0.42939101632835824,-0.8358656183788087,1
0.08632217542834769,1.6516349951671911,0.32577155158903726,0.9626226602301389,-0.15096118636600414,1
1.1515295306252153,0.32248858232927446,-0.4568242740631758,-1.1272535844160636,1.3156153065888951,1
1.3813206739648949,0.6543978039250141,0.18349223446585727,0.1911448306034126,-1.2856280397814852,1
1.7512708045266385,0.06667278138556626,-0.05724174768632023,-0.044684397701563405,-0.8232611440419162,1
-0.718160785056339,0.9233019861299298,0.06456926186129988,1.708968322920698,-0.4216571296918868,1
-0.573710103560203,2.546533233150423,0.44832348537561717,1.8381659862504747,0.7974750427735007,1
-1.274156630572802,-0.5777348374551138,-1.3252328198607526,-0.034488331101206846,1.6981559282811305,1
-0.05001153893012922,1.5040319339353574,0.36064115487598314,2.1332601624654,1.0737801307332737,1
0.9729135310732319,-0.31093264774798934,0.5600329213081331,-3.2546331099428034,1.2231575804430117,1
-0.7652928732250603,0.0034140598277968026,0.8275752058910029,0.2394048127947232,-1.5078237639559966,1
-0.40316555022792455,0.10827565096119846,-0.2730124869878705,2.7133594185659056,-0.1365880703247847,1
0.4050387240412227,2.0357006383757064,0.46300662719672725,0.7616176844085103,0.07070722242514571,1
-0.169293646074549,-0.008314642968950903,-0.5052697821661287,0.4400468477064613,-1.2049074211125461,1
-0.6376473341527399,0.33466473209742953,0.3906813545624086,1.2181370935539282,-0.8007383179732274,1
0.8306917703371617,0.3870462881995948,-0.458816732994933,0.3087445441806672,-1.5563238971755047,1
0.7548660269968167,-0.37241879361671093,-1.9439156196951075,-0.7530242891862649,-2.3113953754460788,1
2.2603570417052605,0.6883027634724351,0.3366529846240808,2.06187287137848,0.4384701526170103,1
-0.7155941778732586,0.3252252930235745,-0.21807157668291122,0.5110161893919656,1.0810486718484522,1
-1.1691894386269517,0.036772064016426076,0.6036330014106794,0.1430722807569015,-1.4874969201791322,1
-0.2083622651327116,0.7944006679218286,0.7166332712128817,0.6888215106672059,-1.1677135268049987,1
-0.08416424671486866,0.9734271055736289,0.788001515268768,0.6827136965811769,-1.249712331676496,1
-0.8118350568874705,0.9197814107476994,-0.09634286744180712,2.5466007279471286,0.06014249907076147,1
0.6430212198502449,0.9392414190686325,-0.7676790527970749,0.29320316719824213,-1.9312480374633312,1
-0.9112613818007784,1.7803089773467224,0.4381136015796845,2.0436744018443678,0.5948524706450691,1
-1.5084611041520835,1.0237040176752725,-0.04057776146689514,2.3271375753403047,-0.035324138063683896,1
1.4931082874922075,0.84803799100171,-0.3335521002510207,1.9183191132645672,0.9489176731621886,1
0.7449003487499197,0.7803086632710192,0.8797448585835815,0.7093454383759878,-1.6437717958740765,1
-0.8747485350852704,1.1788961598957242,-0.023471466552976793,2.545688167848416,0.32570565542394425,1
0.036330591318070315,1.208038194342951,0.5053536604987354,2.0431624669053146,0.9655218402123014,1
1.265062086584113,0.16600308764567884,-0.09360178243828332,-2.064542470707549,1.242134333855189,1
0.5529793172834967,0.09098541328761613,0.9255056914516935,1.119600422872568,-2.007632197419493,1
0.8054531955255086,-0.20967817415280732,0.2490966843541964,-0.47889990411126593,1.6448672406092886,1
1.735663790044195,0.06304759570032274,0.0022425815054387746,0.08151928394018768,-0.9833708009976071,1
-0.4706402731469634,-0.0930791633336514,-0.15552116999379198,0.3128538781372331,1.3577896564968388,1
0.5147637477902931,0.05606135685894339,0.829386191679472,1.6135194249707754,-1.2999073476212666,1
1.4805639871879346,0.22362162285923787,0.20971959786890965,0.34688404330277006,-1.1120773646710447,1
-0.829550447965429,0.1850894686815204,0.2741756388021308,0.5852972831561565,0.8706624734850419,1
0.4854396938039834,0.11804277846058941,0.7093748486873326,1.96532456903381,-0.6814771672221654,1
-0.1466189104667267,0.9642291288293598,0.8116214129633929,0.7029499395596023,-1.2339569544904938,1
1.005958891405236,1.1478187005439802,0.5000140580903751,0.10805856209779663,-1.6734092277043584,1
0.871554826283308,0.889525028903311,0.7100915685555836,0.7001311909178685,-1.691304136728367,1
-0.3424487175525359,-0.17344120591377976,-0.05904835382127981,0.5925644060796115,-0.6484185882742524,1
0.11418746304183497,2.430569477272594,0.42434147690766116,1.1813356827645627,0.4126448499010257,1
-0.6612680817765656,0.5742542584021141,-0.5046969361054134,0.8119415152847294,0.6439207432215374,1
-0.8015093773423085,1.0199986424911323,-0.03424797127820693,1.86801154685608,-0.3531109374582639,1
-0.6675463518850391,1.8746044987047097,0.12206099621929017,2.3284084124639,0.6020022808200782,1
1.130072809420564,1.04925481781004,0.31910466655568914,0.2860610724010431,-1.4917500576803782,1
-0.3191523780358838,-0.22955103504038807,-0.035538554711541284,0.5358056187000352,-0.7462320914675841,1
0.926444015552125,-0.08318555648454629,0.10838103280925959,-0.6416085079642232,1.5707131126398541,1
1.6994078829555697,0.9871011702480226,0.30760380807259624,2.483281076311006,0.7883220310767338,1
-1.347108033028566,0.06600396978022464,0.418578905202323,0.19579041741712333,-1.5460762291878392,1
0.7990502876788806,0.39870833539363,-0.4733107979791413,0.31765956021227676,-1.5761985565606025,1
0.4918416633105561,0.11568344015986937,0.712649070305124,1.9669932174221998,-0.6824682749515558,1
0.546793135566366,1.1488730263237934,0.6627699971815306,2.5675719212015076,-0.038202485178760126,1
-0.26786331564491006,0.1276965295929965,0.25473635087945357,0.5683784678783712,-0.945304879747955,1
-0.4580574739656783,0.6520001228899159,-0.7460272986897832,-1.1906842690426536,1.1873300244106457,1
0.06295464970534409,0.8823919669979439,0.821603016775141,0.8222820377235748,-1.2915053183709782,1
0.37033506409752287,1.0251870847477507,-0.06737294220824847,1.758280467528822,1.0285575074115385,1
-0.3581199754847349,2.8680849680768654,0.33656962176224,1.865297581484401,0.876002868760953,1
-0.20137584485727758,0.9451299257029726,0.8137620600856215,0.7434040605536486,-1.2045095050576522,1
0.7449974646282163,0.7262937511801661,0.7883056784194811,1.0842397763412068,-1.4250512928193513,1
0.2692482809746636,-0.002616492057969865,0.9291777413290297,1.0059344893808855,-1.9287968148063133,1
-0.45674705201309446,1.488914536630324,0.5508991648518595,1.7242895954940098,0.9653278149726356,1
0.0020803528407838112,0.32410955885851456,-1.127157078324141,0.3672873736772442,-1.7061697354843868,1
-1.1520941389245527,0.0339633177379096,0.6214139154656622,0.13800686109691832,-1.4818683300521063,1
0.1076601170517452,-0.5513578978791673,-2.5501865495697347,-0.9345920707261232,-2.7145395801693932,1
-0.8671603083363997,0.18393849734869597,0.3516462155597521,0.5314584841063877,0.8202262572010166,1
0.08782394939806881,1.5680171616711513,0.5161910186683151,1.185091988711875,0.5866462992845516,1
-0.48104398828891815,-0.13954747654517408,0.12129935467421049,0.4825610346475209,-0.3697478650773076,1
1.5818965083040508,0.8529160843501543,-0.3032788797092334,1.9290506070579296,0.9463586665735115,1
-0.8601338338342553,0.18415352794554,0.33717274964191557,0.5415169354012843,0.8296490198544476,1
-0.15310875505055632,0.9667956663405836,0.8456979990815012,0.6487133017935256,-1.270150769427538,1
0.04262491209215025,1.0125545065767585,0.9236847887832802,0.31446176441806717,-1.5013867708969468,1
-0.820833631646697,0.9540434659140017,-0.08737229919322984,2.5597810141000674,0.10537584006682543,1
0.5839424491706855,-0.5496326126393584,0.7050440748047918,-1.1812795847893338,1.655494343163645,1
0.7468298525983672,0.4774389425742484,0.7006614066593737,0.8182339101950877,-1.8236277649643913,1
0.04105193988343242,0.8887794339226422,0.8222744622644856,0.8134080255853153,-1.2855807989561847,1
-1.720151303025688,1.5011871085738697,0.055746559059422975,1.0071790623387282,0.1556146706926222,1
1.692675083998522,0.14111722838501756,-0.14026367323531402,-0.29085426700282757,-0.4276576089549873,1
0.9394784277983699,1.0090054341854542,0.6548153891788053,0.47130366576794036,-1.8072127521783532,1
-0.914413661663933,1.8440107746118437,0.4879544340557119,1.9787216419960993,0.6144440846464734,1
-0.31083513235843924,2.9323491881862633,0.37582664455556386,1.7918000430862464,0.924298384497502,1
0.7230414173346341,1.167169669012382,1.1548044183637893,-0.7762439112801856,-2.25738688204747,1
-0.862076797412747,1.111076736017191,-0.046257495661438025,2.620190216801004,0.31269380216300213,1
-0.7662943944980177,0.7991148241959583,-0.11438611763496223,2.2291727280920792,-0.3053320330055722,1
0.4985681583701859,0.7182831329723692,0.8285287998310528,2.149691532421807,-0.7533053175026416,1
0.5607151607465887,1.8253966046693955,0.46413734721879996,0.5865564253963695,-0.1934842119319066,1
-0.16620444343415003,-0.26086246731943663,0.3950096690507362,0.4608607137007013,1.5014491948358752,1
0.9426855605599888,1.4622848373676427,1.751684347848101,1.8951608742956267,0.7148573909413548,1
-0.8581508435902274,1.0961286747912058,-0.0501712306303635,2.6144398400815154,0.2929591205339199,1
0.11894032867001125,1.1830701178718164,0.4930083656431791,2.154209491907961,0.9253966388746729,1
-1.2130542554262687,0.884903361609689,-0.0879666010033462,2.3741153521996248,-0.12855647223008215,1
-0.4372491839766796,-0.13612695657954643,-0.17711511680305744,0.2408248973845334,1.4034546593054857,1
-0.6764869583983859,1.6989043427794883,0.5530937511120696,1.8034395946391024,0.8110484217814444,1
-0.8835423761045904,1.2201586867940655,-0.00015278950249019568,2.6148248067502173,0.4225771386068173,1
0.7980275559023441,0.15907322550930758,-0.4128958252840693,-0.873269265030699,1.3905045859056493,1
0.6640465304221005,0.42456099141652914,0.8575465228077506,1.1338917155267,-1.684101088959888,1
0.7933649285226649,0.5732938886092352,0.6503996123137363,0.744897163240026,-1.7829365882106154,1
0.5477009185069917,0.09424017881507751,0.9312088168265812,1.1745158104983484,-1.9491579348041346,1
-0.6679032526453985,1.2238710123495782,0.1698681639253638,2.3087066523095157,0.6493495159847673,1
-2.007385598408736,1.748533303526074,0.16241021329088806,0.8267749949655382,0.4798527633008348,1
-0.9042123534900879,0.20288918396561367,0.4168284368176972,0.5033633809586439,0.7227095900301322,1
-0.6786454483954301,1.8389684429197148,0.1143665909623433,2.3450201566463,0.5921739041805725,1
-0.9607701336682773,0.017181107748003317,0.7912830646990189,0.12819774196950068,-1.3994106930015542,1
0.4689181726856646,0.9864282166238642,0.7297587488754693,0.5749841244065785,-1.567101317839525,1
-0.7182077784607067,0.8290497208287306,-0.9861859404842656,-0.8107008884755973,1.180851012461867,1
0.6465830047772336,0.7348301979000114,-0.08928928426040328,0.44341976972631797,-1.8086256096645053,1
0.14657792845083395,0.22269162181927593,-0.4000158387268178,0.4505183601167151,-1.4211508579361913,1
0.016297102783840056,1.511272198587681,0.5230129331189969,1.2824378265015075,0.6952281241589258,1
0.9059347266236989,1.8704328709536533,1.8159557052941626,0.8635896088268196,0.378451628174033,1
1.316835378885061,0.5676423631694708,0.34719319408195093,0.27819397340386465,-1.4266068827403457,1
0.5487399240124304,1.8962271022504842,0.621099882357695,0.6433657610302632,-0.0013554567165700027,1
1.2600605302258734,0.15783799179005004,-0.08241161652159057,-2.0849167128226247,1.2418094535848707,1
0.5148785435773048,0.15185237481775826,0.7327298247447773,1.9863526296399519,-0.6911860642623111,1
1.0402543953941739,1.0996386150737822,0.3939421080471319,0.38382012725757764,-1.5350036810307732,1
-0.8759092444526633,1.1926719828912151,-0.06632136224912377,2.5234054287328407,0.29594612768368633,1
-2.129621812142752,1.6069481536329169,0.112787092624595,0.6076867536042161,0.46876144037055556,1
0.27758793409040877,-0.6602572743527264,0.6826064694455026,0.12219457496003151,1.8987380781564827,1
-0.30276228869114447,2.9898407155319524,0.3618775605754423,1.8186794945127673,0.9174053101555458,1
0.7132659288052805,0.7543123809383036,-0.4989622106001542,1.7419884392966887,0.9757703264319733,1
-0.46535393541376613,1.4971395231909648,0.5509851235125556,1.7273897825515696,0.9592849219443902,1
-0.31659573944312536,-0.21490409164836818,-0.00311177998059212,0.5832964391519557,-0.7931433938172848,1
-0.7597156493555284,-0.08234051907228707,0.5434757766224911,0.21645259142552972,-1.2285748865645865,1
-1.0346062914511784,1.2100833324653828,0.014342602262676779,1.5393720087246736,-0.24662216160282813,1
-1.8955215760832598,1.2162083502170307,0.024180381810235786,2.270760188576086,0.10185185102329229,1
-0.7440051555667027,0.2512338100769578,-0.5205071134180806,1.0239559070717266,0.719917351958812,1
-0.2777653224555714,0.8222262673433205,0.6547769044502263,0.9979606530472729,-1.0270510753230608,1
0.5721954833807462,1.8100281734761356,0.46159785251609614,0.5802947880240483,-0.22384899217284207,1
-0.7788751531543463,0.9932243816584743,-0.26058346263148413,1.7772198163286528,0.020341884847191904,1
0.7495428107619337,-0.2681309635630159,0.3141219996500496,-0.40371154979015544,1.679134186032639,1
-0.988898812384885,1.190674512434677,0.0115820680065781,1.5748550150123224,-0.2734405780181277,1
-1.1885751241572347,1.275463297087702,0.023641654534628333,1.4198450260379432,-0.15628245451682443,1
-0.7993077802367132,0.07968314113046138,0.32573280621065215,0.33946594781052236,0.9133575238232498,1
0.1626588984797862,1.0097778504670432,0.6946548044238179,0.6027393145445811,-1.3119781660780374,1
2.5471464468918277,0.7839313376331164,0.27278265028729554,2.07643061305507,0.6234017594146304,1
-1.1925390038389139,1.3416309408834544,-0.15107054392458458,1.6608400993563135,-0.02447688767092715,1
-0.552537667856479,0.3325634002826875,-0.27106230619740584,1.1044213891295183,0.23367433438210483,1
-0.8180532885157912,1.1254344440718684,0.006468543238688063,1.7099646599681178,-0.36460888035338535,1
-0.7188390609555511,-0.28296377641296655,-1.882751564010402,-0.5438108357464596,-2.5287336401774807,1
-0.7749340908484488,0.636893405163105,-0.6866027966843999,-0.11857056630037643,1.1335347738558803,1
-0.5431356057209743,0.30991829333428333,-0.261574094890003,1.081514372115226,0.1941982341107411,1
0.01786822570466781,-0.48943276218809906,-1.9970699937169236,-0.6217317399827677,-2.2990096177518455,1
1.4107107579092497,0.4037761481562504,-0.4194669093980474,-1.4712308931165323,1.2515950649401504,1
-1.1028368490169367,1.8996022381575695,0.48902049382724666,1.7107231169630845,0.6137424972044592,1
-0.43576336922092584,0.051309517536990645,-0.153218028552838,0.819914564230402,-0.25662171510340714,1
1.3251843146018105,0.2641532872350052,-0.22811545350607865,-1.8196297390710425,1.2460396233873838,1
0.3582485944425068,1.6397104088170402,0.14833692533177878,2.8799507952349854,0.9391400031338955,1
0.8854258015737075,0.9582624684652763,0.5251096407038884,0.46825602900117486,-1.8106580323156476,1
-0.12493966212629626,0.8635993984359928,0.8415241948458795,0.7638857779918213,-1.3005875073720867,1
-0.5717080337257969,1.2406912359583526,0.25815904616909485,2.155636165244777,0.7559594804067729,1
0.5426821958288698,0.6397782174554778,-0.4691660412740545,0.4015920272128459,-1.7606559419969898,1
1.294857497940457,0.7902819100762968,0.23016121455112437,0.22380882851245198,-1.356561833978808,1
-0.6812921767621183,1.1336051089491457,0.09738637608218825,1.770969684436381,-0.4201700257340512,1
-0.8041156038982112,0.2966386269563183,0.16034789850043774,0.7592854331127881,0.6409871632615417,1
0.5115899650623197,1.8911593200379357,0.47500404305871546,0.6133504599389177,-0.06355094970741347,1
0.5315566018363918,0.10687485060725677,0.9754348707749422,0.9965232363432734,-2.0525991382005855,1
1.7081590968986395,0.14074391103893572,0.0070793781224367976,0.06767204075025986,-1.0174920483207157,1
-0.8381376216092848,1.0199283726418629,-0.07012216491247253,2.5851263099271256,0.19235820110879598,1
0.7407279881476829,0.7101915294946213,0.8064716017623702,1.1626235161302694,-1.4453119036955977,1
-0.824564139938821,1.1437190973405356,-0.25758905191009385,2.0949515136270875,-0.15846856692244793,1
0.11265815881548424,1.1849688492122181,0.4939471803843084,2.1457647698295634,0.9284480143944398,1
-0.11932740106523343,0.41905175382297283,-0.21106969014297977,1.174342427049999,1.024669549447125,1
0.9131844258294646,1.869909345928152,1.8402067449151789,0.8680593173522229,0.3861602709133624,1
0.5264445449361002,0.5770510397672303,-0.21870358709103482,0.6208576569646906,-1.7105401448841584,1
-1.4089676312056927,0.43137369950635496,0.09504078057161763,0.49814449883632034,-1.584745824868341,1
0.8852279341739107,1.3909791768078237,0.39235378369538065,0.409559543458369,-1.0518014704712337,1
-0.8075464002778108,-0.06288693727489947,0.6024496947974302,0.18707145005092374,-1.2720832263349937,1
1.1115352455046432,0.8054940553024985,0.516110372975685,0.38401162779076325,-1.6347378671388602,1
-0.26727867786657233,1.6569186334131258,0.5107201099246836,1.682521491084771,1.0667136792938616,1
0.2531968144568921,-0.5892955564682114,0.688067808916117,0.2475641732852215,1.7982439729388986,1
0.9691877712522335,-0.28553531260749315,-1.5402079634257424,-0.585237620782547,-2.0277459037556724,1
1.3444356870281375,0.4116644020854869,-0.48079604456704167,-1.2658529200425557,1.2747481995802132,1
-1.009195180368656,0.6043918514388549,0.33666408659526037,0.5705561739579617,-1.4654209675782748,1
-0.5480131502193004,1.5761310581332866,0.5518106575726908,1.7571635131807275,0.901249885379399,1
-0.3970856359674504,0.8693077102750425,0.706624376398059,0.6814289401409024,-1.2827173223455135,1
-0.5699161913852454,0.4769738969485245,-0.14147466139718134,1.4115666014199761,0.12831199641917584,1
2.7364130271910136,0.9163461125673715,0.09036492659552736,2.0685926177377656,0.9130838092607495,1
-0.3301274808639556,-0.16132832156679755,0.0133367886712902,0.6704483246665667,-0.7728172132659715,1
-0.6255005347927352,0.7704516645774123,0.5685699334676756,0.6400556403748777,-1.350895044817847,1
0.7755095400755856,0.6210301965338848,0.7714435061133744,0.7458598486873738,-1.8939166290351102,1
0.3444730110023769,-0.5387872315712622,-2.716953386870913,-1.074309827100696,-2.854540274610052,1
1.6866342098725011,0.09390954482740951,0.042119174484651994,0.13252176453105297,-1.0081078988377248,1
-0.4269865058119472,0.6724053420480347,0.8227908306075138,0.5289163234390317,-1.2821633381263013,1
0.14841182669086248,-0.5794623860594076,-2.801216402516874,-1.0765825463111593,-2.9031262790433376,1
0.4886538650627645,1.0625889604177474,0.8867603575468787,2.2489773414402787,-0.7910646033099336,1
0.2046442557386676,0.34084844458504027,-2.224355805733461,-0.15646387273003493,-2.542269882992382,1
0.31306411484615704,-0.55152002376736,-2.776116827786754,-1.0988989982209627,-2.8961091636280196,1
1.6585411437764477,0.08192725926955474,-0.07960243556930681,0.07549724298197796,-1.0363348531423116,1
-0.7467326485457769,0.6719041228721723,-0.16124265577518862,2.4512446972257953,-0.2671092619001001,1
0.27972428164345353,0.579738024774902,-0.3490530135807828,1.446408138175917,1.0012327568050574,1
0.8335961556272262,0.9175557947315363,-0.0165734264417689,0.3503585900815594,-1.639459734098088,1
-0.3996952118620132,0.3061559562007421,-0.11412464769602892,0.9831930819238764,1.0411358933566464,1
-0.8752515333233126,1.1229514257667543,0.002481160123527202,1.7374308558391496,-0.34952363487281296,1
-0.9219834426388981,0.1862449900648927,0.4623637666855986,0.4579272042344116,0.7372185180171364,1
0.08520086410408323,0.9695500065543586,0.7874926142414699,0.657930108604687,-1.3673215302352348,1
-0.5668596219729773,0.47701894818592594,-0.12776406354996306,1.4232449350244365,0.10259881613437555,1
0.9157350742925223,-0.3501816705472608,0.5889630227729282,-2.9882514735818413,1.281906899659959,1
0.5692425130382468,0.23464640925642283,0.7418796857189441,1.7792413910356504,-0.8627958965842533,1
-0.3671299533032883,-0.20575802413121186,0.6135030349274012,0.3143326426359908,1.2659982007094621,1
-0.06409910505513056,0.3205660698553491,0.4283188684624525,1.822089423953462,-0.5964014494153286,1
-0.85491475171825,0.7166269716339968,-0.14541894358134816,2.431069338751639,-0.2415876427392178,1
0.5702139522648345,1.1246311116553231,0.38004539837651213,2.8203737360330905,0.7253592802345735,1
0.8693033432439972,1.5621232545223778,1.9503990375244376,1.6814632667423606,-0.02612384294046899,1
1.0629040278020814,1.1365091417184252,0.34017483528201087,0.3099747237970996,-1.543928929841662,1
-0.6343111865358978,-0.028840298599497216,0.2425581586613692,0.4702134011360236,0.01246128445007555,1
0.7009092106009897,0.6963458708612524,0.8020459977668513,1.0807530928156874,-1.4640672621904238,1
1.0664960304017013,1.780633713500042,2.6639064044013923,1.1412537111885943,0.7824091102962575,1
0.9531517792579693,1.023071275695472,0.623071388086384,0.4542888521780053,-1.7793471441518482,1
-0.19623581497323384,0.47381305696944687,-0.5043257402847067,-1.5731088803946853,1.1938506612415494,1
-0.44377671710633515,0.28863928877305767,0.1514836247975804,1.402412150887177,-0.60210342089144,1
-1.3357288133935232,1.6331158405244963,0.33464633549534956,2.0452764097862315,0.4132932108680925,1
-1.303655919301778,-0.6750089326405334,-1.3410151450541887,0.006244311078803633,1.7323375877214695,1
0.24808507435165483,0.3563306845426759,0.9067722219526837,1.0110292934924627,-1.7258838523177067,1
0.5842100613153017,0.27073146849037477,0.7466138321661432,1.7244940105321451,-0.9125972502779733,1
-0.46687285000614187,0.3800830333386054,0.1795582321803868,1.5511639979492007,-0.5674104606316515,1
0.7185864569372068,1.0591971670540474,1.1020455282050212,-0.3919558783691733,-2.106850905558194,1
0.4839195790708644,1.2270023185119687,0.9145671652972797,2.2963884276625066,-0.8090954656536771,1
-0.9676888366356564,0.01038315075711943,0.7998607455213405,0.10485996872237416,-1.4122294614196496,1
-0.49760293669497047,0.4694299110160167,0.2029274185466835,1.6827854699626899,-0.4823692157653734,1
0.5147328444038368,0.15691224877180357,0.7335855881931509,1.9878117210610478,-0.6917409698478403,1
0.7283710853975247,0.6182873271348333,0.7922111061719117,1.197190654423818,-1.3922625913394535,1
0.8545979491271711,1.8741400713471048,1.6442285494842397,0.831938580897209,0.32386496659303216,1
-0.18493380725959274,0.9585863231766056,0.8261118270984089,0.7153645378396333,-1.2242912928000746,1
1.7106549723440265,0.11138032788970943,0.02316566606812465,0.07520791126521917,-1.0273569732911616,1
0.8352839644220215,1.0789322002232125,0.895554644835693,-0.10452064695903951,-2.023781801449196,1
-0.7091509863096956,0.16093101819137612,-0.05488751960901661,0.7623316830443182,1.079533888566708,1
-0.9605378385934961,-0.19703116032171636,-1.5783789999059825,-0.3680979340260133,-2.3845779846680353,1
-0.25931749404446053,0.04178543383835598,0.0843878558779999,0.84113563733224,1.0201375843057217,1
1.3304844699019018,1.0034789247710287,0.34558849488930954,2.5936298920078555,0.7545843901417293,1
0.13677059911211847,1.1776810733091527,0.49034378937144557,2.178177592413513,0.9167361199779003,1
-0.12178964501204415,-0.39311746617735793,-1.1367798351103113,-0.1351242416012841,-1.6527148477050075,1
-0.6671314801611383,2.3796696201279595,0.47735085868038263,1.8523869216258677,0.7551008302925555,1
-0.8277664253064974,1.1448739232542802,-0.23983295763555929,1.9319425277754982,-0.11579119676738026,1
0.454902397502008,0.555517135579244,-0.5823682492783671,0.42348770845378886,-1.8069945116651678,1
0.4920974567874503,0.9429991256824277,0.866534436843516,2.214491798223717,-0.7779494411794461,1
-0.5392511358286021,0.4930555947703116,-0.3421310149331104,1.2792214249600602,0.5082742758211154,1
0.8134149913345854,1.0015812721243476,0.6779259738035996,0.5005162100412383,-1.746461226086673,1
0.9540484954503161,1.476721548946261,1.796738527196558,1.864204823766003,0.7157522735057305,1
0.19503442231777607,-0.0957479131078286,-2.5918204015831297,-0.6387385062831606,-2.7848188571558654,1
0.4913013847720079,0.7574736064486159,0.8084716971587774,0.9958292452276726,-1.407369910871176,1
-0.8828887289746706,0.09370331747329297,0.6947271300671142,0.3909028431245566,-1.2551143276928542,1
-1.2152585640223843,-0.031013833179573846,-0.15086457158663275,0.43977394702421374,-1.3222541829130254,1
-0.37286337856608814,-0.018402761081447727,-0.43833295486846774,3.056797274369986,-0.0017671155300598151,1
-0.9474236586440146,0.6311260461250527,0.3739989236155917,0.5817449873780177,-1.446983283843565,1
0.5460825855116146,0.07455808646760781,0.9302804386978737,1.1311835168904656,-2.0111565086954806,1
-0.2907093032291678,-0.27662172698470383,-0.09623755264807032,0.4534395958012123,-0.8710052948988114,1
-0.7458980358160041,0.6711799163494389,-0.1608017693032147,2.4383556496650045,-0.2776587077917066,1
-0.45761766626479317,0.9598439742029707,0.5261699735129405,1.2879133109393799,0.9964733318415435,1
0.9008194251906279,0.8954031334923414,0.592134738582169,0.7341889340126186,-1.5074558887161755,1
0.021306234153343317,-0.4221219555506931,0.5414468025237952,0.34460075626285847,1.6602188304714633,1
-0.40123748193176456,0.305534929809807,-0.11359136451722246,0.9821415920506175,1.0412264727612426,1
-0.14035179116964158,0.04782557128212339,-0.6102948851953378,0.42775913688895656,-1.2895612266120333,1
1.140957782960652,1.714191489696228,2.537836196298869,1.3550077365283362,0.7304722260643998,1
0.4856709714212446,1.1661795675925692,0.9042803701045372,2.2788492646556895,-0.8024251642748377,1
-0.757712968950768,0.745288359203101,-0.13391472395278683,2.317182931051357,-0.29368894593939726,1
-0.19324573203118978,-0.2991682827050445,-0.28971377548301247,-0.1610586145581938,1.6005055122017164,1
0.6889815674030545,0.5233236721849956,0.7797524360397918,1.3412672185728565,-1.2612022946791805,1
0.6492935661712023,0.9084760400180208,0.8473378187743819,1.568734629330293,-1.2215359691919971,1
1.346496803836611,0.30801097674950645,0.31875872248814846,0.48634595370059747,-1.1797188378408545,1
0.4910405007531369,1.2540235985566686,0.8880509104000123,2.342449885562448,-0.7127314937055259,1
0.9068631024182978,1.0286242052203227,0.7301873004351351,0.30009887179872186,-1.87494981264885,1
0.49496943368004465,1.2431430550381255,0.9163123182270752,2.2541739188763352,-0.8438442179000238,1
0.5981633697499806,1.056713568608522,0.410598111869447,2.812517999051924,0.6971704915760142,1
-0.8804386313562969,1.6244285424879867,0.3468363024704617,1.8219948480188592,0.25879619188405156,1
-0.5367314728833781,0.8088701674236713,0.6222221402824458,0.6561345784266983,-1.3243990828726728,1
1.7633181497782546,0.054056850242332866,-0.022693027411606725,0.046834092495674495,-0.9722399411811865,1
0.7152211413653151,1.094864556404229,1.130475830740412,-0.5328026408688459,-2.1660746551247545,1
-0.7029591739158538,-0.5006356664414819,-0.7141000318736822,-0.04568783146797284,1.673743814812295,1
0.07329837935297251,1.196865001106761,0.49982915142658724,2.092855917263535,0.9475658463372965,1
0.5904620672847791,0.13148416238766303,0.7085521845062015,1.9771071888776408,-0.6383351798601576,1
-0.5716853802172812,-0.1982491011028662,-0.058115505590603606,0.48007587675813856,-0.9631272429301279,1
0.7099692318009933,1.1666166362950103,0.8289611857056016,2.5291501122577635,0.6965299265087987,1
0.02602885884493772,0.8987362676970624,0.5880253771376145,2.02841199135586,-0.680877596943629,1
