question,answer,context_count,answer_present,context_present,answer_length
What is artificial intelligence?,Artificial Intelligence (AI) is the field of building computer systems that perform tasks requiring human-like intelligence.,3,True,True,124
What is machine learning?,Machine Learning (ML) is a branch of AI where systems learn patterns from data and use them to make predictions or decisions.,3,True,True,125
What is deep learning?,Deep Learning uses multi-layer neural networks to learn complex patterns from large amounts of data.,3,True,True,100
What is natural language processing?,"Natural Language Processing (NLP) enables computers to process, understand, and generate human language.",3,True,True,104
What is computer vision?,Computer Vision enables computers to analyze and understand images and videos.,3,True,True,78
What is generative AI?,"Generative AI creates new content such as text, images, audio, or code based on patterns learned from data.",3,True,True,107
What are large language models?,Large Language Models (LLMs) are AI models trained on large amounts of text to understand and generate language.,3,True,True,112
What is retrieval-augmented generation?,Retrieval-Augmented Generation (RAG) combines information retrieval with text generation. It retrieves relevant documents and provides them as context to a language model before generating an answer.,3,True,True,199
What is ChromaDB?,ChromaDB is a vector database used to store and search text embeddings. It can retrieve documents based on semantic similarity.,3,True,True,127
What is MLOps?,"MLOps combines machine learning, software engineering, and operations practices to manage the development, deployment, monitoring, and maintenance of machine learning systems.",3,True,True,175
